{
    "evaluated_model_path": "models/best_model.pkl",
    "metrics": {
        "accuracy": 0.8005677785663591,
        "precision": 0.662020905923345,
        "recall": 0.5080213903743316,
        "f1_score": 0.5748865355521936,
        "roc_auc": 0.8457865095972512
    }
}